tokens;srl_tags
['Aan', 'de', 'bewoner', 'wordt', 'zo', 'spoedig', 'mogelijk', 'een', 'schriftelijk', 'verslag', 'van', 'het', 'binnentreden', 'verstrekt', '.'];['O', 'ACTOR', 'ACTOR', 'V', 'O', 'O', 'O', 'OBJ', 'OBJ', 'OBJ', 'OBJ', 'OBJ', 'OBJ', 'V', '.']
['Onteigening', 'kan', 'alleen', 'geschieden', 'in', 'het', 'algemeen', 'belang', 'en', 'tegen', 'vooraf', 'verzekerde', 'schadeloosstelling', ',', 'een', 'en', 'ander', 'naar', 'bij', 'of', 'krachtens', 'de', 'wet', 'te', 'stellen', 'voorschriften', '.'];['O', 'V', 'O', 'O', 'O', 'O', 'O', 'O', 'O', 'O', 'O', 'O', 'O', ',', 'O', 'O', 'O', 'O', 'O', 'O', 'O', 'ACTOR', 'V', 'O', 'OBJ', 'O', '.']
[ 'De', 'rechter', 'gelast', 'de', 'onmiddellijke', 'invrijheidstelling', ',', 'indien', 'hij', 'de', 'vrijheidsontneming', 'onrechtmatig', 'oordeelt', '.'];['ACTOR', 'ACTOR', 'V', 'O', 'O', 'OBJ', ',', 'O', 'ACTOR', 'O', 'OBJ', 'O', 'V', '.']
['Hij', 'aan', 'wie', 'anders', 'dan', 'op', 'rechterlijk', 'bevel', 'zijn', 'vrijheid', 'is', 'ontnomen', ',', 'kan', 'aan', 'de', 'rechter', 'zijn', 'invrijheidstelling', 'verzoeken', '.'];['ACTOR', 'O', 'O', 'O', 'O', 'O', 'O', 'O', 'O', 'OBJ', 'V', 'O', ',', 'V', 'O', 'ACTOR', 'O', 'OBJ', 'V', '.']
['Hij', 'wordt', 'in', 'dat', 'geval', 'door', 'de', 'rechter', 'gehoord', 'binnen', 'een', 'bij', 'de', 'wet', 'te', 'bepalen', 'termijn', '.'];['ACTOR', 'V', 'O', 'O', 'O', 'O', 'ACTOR', 'ACTOR', 'V', 'O', 'O', 'O', 'O', 'ACTOR', 'V', 'O', 'OBJ', '.']
['De', 'regering', 'doet', 'jaarlijks', 'van', 'de', 'staat', 'van', 'het', 'onderwijs', 'verslag', 'aan', 'de', 'Staten', '-', 'Generaal', '.'];['ACTOR', 'O', 'V', 'O', 'OBJ', 'ACTOR', 'OBJ', 'O', 'O', 'O', 'OBJ', 'O', 'ACTOR', 'O', '-', 'O', '.']
['Het', 'voorstel', 'daartoe', 'wordt', 'door', 'of', 'vanwege', 'de', 'Koning', 'ingediend'];['O', 'OBJ', 'O', 'V', 'O', 'O', 'O', 'ACTOR', 'O', 'V']
['Zij', 'kunnen', 'het', 'voorstel', 'alleen', 'aannemen', 'met', 'ten', 'minste', 'twee', 'derden', 'van', 'het', 'aantal', 'uitgebrachte', 'stemmen', '.'];['ACTOR', 'O', 'O', 'OBJ', 'O', 'V', 'O', 'O', 'O', 'O', 'O', 'OBJ', 'O', 'O', 'OBJ', 'V', '.']
['Het', 'voorstel', 'wordt', 'door', 'of', 'vanwege', 'de', 'Koning', 'ingediend', '.'];['O', 'OBJ', 'V', 'O', 'O', 'O', 'ACTOR', 'O', 'V', '.']
['Na', 'de', 'indiening', 'van', 'het', 'voorstel', 'worden', 'de', 'kamers', 'ontbonden', '.'];['O', 'ACTOR', 'O', 'O', 'OBJ', 'OBJ', 'V', 'O', 'REC', 'V', '.']
['Zij', 'kunnen', 'het', 'voorstel', 'alleen', 'aannemen', 'met', 'ten', 'minste', 'twee', 'derden', 'van', 'het', 'aantal', 'uitgebrachte', 'stemmen', '.'];['ACTOR', 'V', 'O', 'ACTOR', 'O', 'V', 'O', 'O', 'O', 'O', 'OBJ', 'O', 'OBJ', 'O', 'OBJ', '.',]
['Indien', 'bij', 'overlijden', 'van', 'de', 'Koning', 'of', 'bij', 'afstand', 'van', 'het', 'koningschap', 'een', 'opvolger', 'ontbreekt', ',', 'worden', 'de', 'kamers', 'ontbonden', '.'];['O', 'O', 'V', 'O', 'ACTOR', 'O', 'O', 'O', 'O', 'O', 'O', 'O', 'O', 'OBJ', 'V', ',', 'V', 'O', 'REC', 'V', '.']
['De', 'Koning', 'ontvangt', 'jaarlijks', 'ten', 'laste', 'van', 'het', 'Rijk', 'uitkeringen', 'naar', 'regels', 'bij', 'de', 'wet', 'te', 'stellen', '.'];['ACTOR', 'O', 'V', 'O', 'O', 'O', 'O', 'OBJ', 'O', 'V', 'O', 'O', 'O', 'O', 'O', 'O', 'V', '.']
['De', 'Koning', 'richt', ',', 'met', 'inachtneming', 'van', 'het', 'openbaar', 'belang', ',', 'zijn', 'Huis', 'in', '.'];['ACTOR', 'O', 'V', ',', 'O', 'O', 'O', 'O', 'OBJ', ',', 'O', 'O', 'O', 'V', '.']
['Alle', 'wetten', 'en', 'koninklijke', 'besluiten', 'worden', 'door', 'de', 'Koning', 'en', 'door', 'een', 'of', 'meer', 'ministers', 'of', 'staatssecretarissen', 'ondertekend', '.'];['O', 'O', 'O', 'O', 'O', 'V', 'O', 'ACTOR', 'O', 'O', 'O', 'O', 'O', 'O', 'ACTOR', 'ACTOR', 'O', 'V', '.']
['Het', 'koninklijk', 'besluit', 'waarbij', 'de', 'minister', '-', 'president', 'wordt', 'benoemd', ',', 'wordt', 'mede', 'door', 'hem', 'ondertekend', '.'];['O', 'O', 'OBJ', 'O', 'ACTOR', 'O', '-', 'ACTOR', 'V', 'V', ',', 'V', 'O', 'O', 'O', 'V', '.']
['De', 'koninklijke', 'besluiten', 'waarbij', 'de', 'overige', 'ministers', 'en', 'de', 'staatssecretarissen', 'worden', 'benoemd', 'of', 'ontslagen', ',', 'worden', 'mede', 'door', 'de', 'minister', '-', 'president', 'ondertekend', '.'];['ACTOR', 'O', 'OBJ', 'O', 'ACTOR', 'O', 'ACTOR', 'O', 'ACTOR', 'V', 'V', 'O', 'O', ',', 'V', 'O', 'O', 'O', 'ACTOR', '-', 'ACTOR', 'V', '.']
['Elk', 'der', 'kamers', 'benoemt', 'uit', 'de', 'leden', 'een', 'voorzitter', '.'];['O', 'O', 'REC', 'V', 'O', 'O', 'OBJ', 'O', 'OBJ', '.']
['Elk', 'der', 'kamers', 'benoemt', 'een', 'griffier', '.'];['O', 'O', 'REC', 'V', 'O', 'OBJ', '.']
['Elk', 'der', 'kamers', 'kan', 'bij', 'koninklijk', 'besluit', 'worden', 'ontbonden', '.'];['O', 'O', 'REC', 'V', 'O', 'O', 'OBJ', 'V', 'V', '.']
['Jaarlijks', 'op', 'de', 'derde', 'dinsdag', 'van', 'september', 'of', 'op', 'een', 'bij', 'de', 'wet', 'te', 'bepalen', 'eerder', 'tijdstip', 'wordt', 'door', 'of', 'namens', 'de', 'Koning', 'in', 'een', 'verenigde', 'vergadering', 'van', 'de', 'Staten', '-', 'Generaal', 'een', 'uiteenzetting', 'van', 'het', 'door', 'de', 'regering', 'te', 'voeren', 'beleid', 'gegeven', '.'];['O', 'O', 'ACTOR', 'O', 'O', 'OBJ', 'O', 'O', 'O', 'O', 'O', 'O', 'O', 'O', 'O', 'O', 'V', 'O', 'O', 'O', 'O', 'O', 'O', 'O', 'O', 'O', 'ACTOR', 'O', 'O', 'O', 'O', 'O', 'O', 'O', 'O', 'O', 'O', 'O', 'O', 'O', 'O', 'V', 'O', 'O', 'V', 'O', '.']
['De', 'deuren', 'worden', 'gesloten', ',', 'wanneer', 'een', 'tiende', 'deel', 'van', 'het', 'aantal', 'aanwezige', 'leden', 'het', 'vordert', 'of', 'de', 'voorzitter', 'het', 'nodig', 'oordeelt', '.'];['ACTOR', 'OBJ', 'V', 'V', ',', 'O', 'O', 'O', 'O', 'OBJ', 'O', 'O', 'O', 'O', 'V', 'O', 'ACTOR', 'O', 'V', 'O', 'V', '.']
['De', 'ministers', 'en', 'de', 'staatssecretarissen', 'geven', 'de', 'kamers', 'elk', 'afzonderlijk', 'en', 'in', 'verenigde', 'vergadering', 'mondeling', 'of', 'schriftelijk', 'de', 'door', 'een', 'of', 'meer', 'leden', 'verlangde', 'inlichtingen', 'waarvan', 'het', 'verstrekken', 'niet', 'in', 'strijd', 'is', 'met', 'het', 'belang', 'van', 'de', 'staat', '.'];['ACTOR', 'ACTOR', 'O', 'ACTOR', 'ACTOR', 'V', 'REC', 'REC', 'O', 'O', 'O', 'O', 'O', 'O', 'O', 'O', 'O', 'O', 'O', 'O', 'O', 'O', 'O', 'OBJ', 'O', 'O', 'O', 'O', 'O', 'O', 'O', 'O', 'O', 'O', 'O', 'O', 'O', 'O', '.']
['De', 'leden', 'van', 'de', 'Raad', 'worden', 'bij', 'koninklijk', 'besluit', 'voor', 'het', 'leven', 'benoemd', '.'];['ACTOR', 'ACTOR', 'O', 'ACTOR', 'ACTOR', 'V', 'O', 'O', 'V', 'O', 'OBJ', 'V', 'V', '.']
['Op', 'eigen', 'verzoek', 'en', 'wegens', 'het', 'bereiken', 'van', 'een', 'bij', 'de', 'wet', 'te', 'bepalen', 'leeftijd', 'worden', 'zij', 'ontslagen', '.'];['O', 'O', 'O', 'O', 'O', 'O', 'O', 'O', 'O', 'O', 'O', 'O', 'O', 'O', 'V', 'V', 'O', 'V', '.']
['In', 'de', 'gevallen', 'bij', 'de', 'wet', 'aangewezen', 'kunnen', 'zij', 'door', 'de', 'Raad', 'worden', 'geschorst', 'of', 'ontslagen', '.'];['O', 'ACTOR', 'O', 'O', 'ACTOR', 'V', 'O', 'O', 'ACTOR', 'O', 'ACTOR', 'V', 'V', 'O', 'V', '.']
['De', 'leden', 'van', 'de', 'Algemene', 'Rekenkamer', 'worden', 'bij', 'koninklijk', 'besluit', 'voor', 'het', 'leven', 'benoemd', 'uit', 'een', 'voordracht', 'van', 'drie', 'personen', ',', 'opgemaakt', 'door', 'de', 'Tweede', 'Kamer', 'der', 'Staten', '-', 'Generaal', '.'];['ACTOR', 'ACTOR', 'O', 'ACTOR', 'ACTOR', 'V', 'O', 'OBJ', 'OBJ', 'O', 'O', 'OBJ', 'OBJ', 'V', 'O', 'OBJ', 'OBJ', 'O', 'O', 'OBJ', 'OBJ', 'O', ',', 'V', 'O', 'ACTOR', 'OBJ', 'ACTOR', 'ACTOR', 'ACTOR', '-', '.']
['Op', 'eigen', 'verzoek', 'en', 'wegens', 'het', 'bereiken', 'van', 'een', 'bij', 'de', 'wet', 'te', 'bepalen', 'leeftijd', 'worden', 'zij', 'ontslagen', '.'];['O', 'O', 'V', 'O', 'O', 'O', 'V', 'O', 'O', 'O', 'O', 'O', 'O', 'OBJ', 'V', 'ACTOR', 'V', '.']
['In', 'de', 'gevallen', 'bij', 'de', 'wet', 'aangewezen', 'kunnen', 'zij', 'door', 'de', 'Hoge', 'Raad', 'worden', 'geschorst', 'of', 'ontslagen', '.'];['O', 'ACTOR', 'O', 'O', 'O', 'O', 'O', 'V', 'ACTOR', 'O', 'ACTOR', 'O', 'O', 'V', 'O', 'O', 'V', '.']
['De', 'Nationale', 'ombudsman', 'en', 'een', 'substituut', '-', 'ombudsman', 'worden', 'voor', 'een', 'bij', 'de', 'wet', 'te', 'bepalen', 'termijn', 'benoemd', 'door', 'de', 'Tweede', 'Kamer', 'der', 'Staten', '-', 'Generaal', '.'];['ACTOR', 'O', 'ACTOR', 'O', 'REC', '-', 'O', 'ACTOR', 'V', 'O', 'O', 'O', 'O', 'O', 'O', 'O', 'OBJ', 'V', 'O', 'O', 'ACTOR', 'O', 'O', 'O', '-', 'O', '.']
['Op', 'eigen', 'verzoek', 'en', 'wegens', 'het', 'bereiken', 'van', 'een', 'bij', 'de', 'wet', 'te', 'bepalen', 'leeftijd', 'worden', 'zij', 'ontslagen', '.'];['O', 'ACTOR', 'O', 'O', 'O', 'O', 'V', 'O', 'O', 'O', 'O', 'O', 'O', 'O', 'V', 'O', 'V', '.']
['In', 'de', 'gevallen', 'bij', 'de', 'wet', 'aangewezen', 'kunnen', 'zij', 'door', 'de', 'Tweede', 'Kamer', 'der', 'Staten', '-', 'Generaal', 'worden', 'geschorst', 'of', 'ontslagen', '.'];['O', 'ACTOR', 'O', 'O', 'O', 'O', 'V', 'O', 'ACTOR', 'O', 'ACTOR', 'ACTOR', 'O', 'O', 'O', '-', 'O', 'V', 'O', 'O', 'O', '.']
['De', 'adviezen', 'van', 'de', 'in', 'dit', 'hoofdstuk', 'bedoelde', 'colleges', 'worden', 'openbaar', 'gemaakt', 'volgens', 'regels', 'bij', 'de', 'wet', 'te', 'stellen', '.'];['ACTOR', 'O', 'O', 'ACTOR', 'O', 'O', 'O', 'O', 'ACTOR', 'V', 'O', 'V', 'O', 'O', 'O', 'O', 'O', 'O', 'O', '.']
['Adviezen', ',', 'uitgebracht', 'ter', 'zake', 'van', 'voorstellen', 'van', 'wet', 'die', 'door', 'of', 'vanwege', 'de', 'Koning', 'worden', 'ingediend', ',', 'worden', ',', 'behoudens', 'bij', 'de', 'wet', 'te', 'bepalen', 'uitzonderingen', ',', 'aan', 'de', 'Staten', '-', 'Generaal', 'overgelegd', '.'];['O', ',', 'V', 'O', 'O', 'O', 'O', 'O', 'O', 'O', 'O', 'O', 'O', 'O', 'V', 'O', ',', 'O', ',', 'O', 'O', 'O', 'O', 'O', 'O', 'O', 'O', 'O', '-', 'O', 'O', '.']
['Voorstellen', 'van', 'wet', 'kunnen', 'worden', 'ingediend', 'door', 'of', 'vanwege', 'de', 'Koning', 'en', 'door', 'de', 'Tweede', 'Kamer', 'der', 'Staten', '-', 'Generaal', '.'];['O', 'O', 'O', 'V', 'V', 'O', 'O', 'O', 'O', 'O', 'O', 'O', 'O', 'O', 'ACTOR', 'ACTOR', 'O', '-', 'O', '.']
['Voorstellen', 'van', 'wet', 'waarvoor', 'behandeling', 'door', 'de', 'Staten', '-', 'Generaal', 'in', 'verenigde', 'vergadering', 'is', 'voorgeschreven', ',', 'kunnen', 'worden', 'ingediend', 'door', 'of', 'vanwege', 'de', 'Koning', 'en', ',', 'voor', 'zover', 'de', 'betreffende', 'artikelen', 'van', 'dit', 'toelaten', ',', 'door', 'de', 'verenigde', 'vergadering', '.'];['ACTOR', 'O', 'OBJ', 'O', 'O', 'V', 'REC', '-', 'O', 'O', 'O', 'O', 'O', 'O', 'O', 'O', 'V', 'V', 'V', 'O', 'O', 'O', 'O', 'O', 'O', 'O', 'O', 'O', 'O', 'O', 'O', 'O', 'O', 'O', 'O', 'O', 'O', 'O', '.']
['Voorstellen', 'van', 'wet', ',', 'in', 'te', 'dienen', 'door', 'de', 'Tweede', 'Kamer', 'onderscheidenlijk', 'de', 'verenigde', 'vergadering', ',', 'worden', 'bij', 'haar', 'door', 'een', 'of', 'meer', 'leden', 'aanhangig', 'gemaakt', '.'];['V', 'O', 'OBJ', ',', 'O', 'O', 'V', 'O', 'ACTOR', 'O', 'O', 'O', 'O', 'O', 'O', ',', 'V', 'O', 'O', 'O', 'O', 'O', 'O', 'O', 'O', 'V', 'O', '.', 'O']
['Voorstellen', 'van', 'wet', ',', 'ingediend', 'door', 'of', 'vanwege', 'de', 'Koning', ',', 'worden', 'gezonden', 'aan', 'de', 'Tweede', 'Kamer', 'of', ',', 'indien', 'daarvoor', 'behandeling', 'door', 'de', 'Staten', '-', 'Generaal', 'in', 'verenigde', 'vergadering', 'is', 'voorgeschreven', ',', 'aan', 'deze', 'vergadering', '.'];['V', 'O', 'OBJ', ',', 'V', 'O', 'O', 'O', 'ACTOR', ',', 'V', 'O', 'O', 'O', ',', 'O', 'O', 'O', 'O', 'O', 'O', 'O', 'O', 'O', 'O', 'O', 'O', 'O', 'V', 'O', 'O', 'O', 'O', 'O', 'O', 'O', 'O', 'O', '.', 'O']
['Zolang', 'een', 'voorstel', 'van', 'wet', 'niet', 'door', 'de', 'Staten', '-', 'Generaal', 'is', 'aangenomen', ',', 'kan', 'het', 'door', 'of', 'vanwege', 'de', 'indiener', 'worden', 'ingetrokken', '.'];['O', 'ACTOR', 'O', 'O', 'OBJ', 'O', 'O', 'O', 'ACTOR', ',', 'V', 'O', 'O', 'O', ',', 'V', 'O', 'O', 'O', 'O', 'O', 'V', 'O', '.', 'O']
['Zolang', 'de', 'Tweede', 'Kamer', 'onderscheidenlijk', 'de', 'verenigde', 'vergadering', 'een', 'door', 'haar', 'in', 'te', 'dienen', 'voorstel', 'van', 'wet', 'niet', 'heeft', 'aangenomen', ',', 'kan', 'het', 'door', 'het', 'lid', 'of', 'de', 'leden', 'door', 'wie', 'het', 'aanhangig', 'is', 'gemaakt', ',', 'worden', 'ingetrokken', '.'];['O', 'ACTOR', 'O', 'ACTOR', 'O', 'O', 'O', 'O', 'O', 'O', 'O', 'O', 'O', 'O', 'O', 'O', 'OBJ', 'O', 'V', ',', 'V', 'O', 'O', 'O', 'O', 'O', 'O', 'O', 'O', 'O', 'O', 'O', 'O', 'O', 'O', 'O', 'V', 'O', '.', 'O']
['Het', 'Koninkrijk', 'wordt', 'niet', 'in', 'oorlog', 'verklaard', 'dan', 'na', 'voorafgaande', 'toestemming', 'van', 'de', 'Staten', '-', 'Generaal', '.'];['O', 'ACTOR', 'V', 'O', 'O', 'O', 'V', 'O', 'O', 'O', 'O', 'ACTOR', 'O', 'O', 'O', 'O', '.']
['De', 'regering', 'verstrekt', 'de', 'Staten', '-', 'Generaal', 'vooraf', 'inlichtingen', 'over', 'de', 'inzet', 'of', 'het', 'ter', 'beschikking', 'stellen', 'van', 'de', 'krijgsmacht', 'ter', 'handhaving', 'of', 'bevordering', 'van', 'de', 'internationale', 'rechtsorde', '.'];['ACTOR', 'O', 'V', 'O', 'O', 'O', 'O', 'O', 'O', 'O', 'O', 'O', 'O', 'O', 'O', 'O', 'O', 'O', 'O', 'O', 'O', 'O', 'O', 'O', 'O', 'O', 'O', '.']
['In', 'dat', 'geval', 'worden', 'inlichtingen', 'zo', 'spoedig', 'mogelijk', 'verstrekt', '.'];['O', 'O', 'O', 'V', 'OBJ', 'O', 'O', 'O', 'V', '.']
['Belastingen', 'van', 'het', 'Rijk', 'worden', 'geheven', 'uit', 'kracht', 'van', 'een', 'wet', '.', 'Andere', 'heffingen', 'van', 'het', 'Rijk', 'worden', 'bij', 'de', 'wet', 'geregeld', '.'];['OBJ', 'O', 'ACTOR', 'V', 'O', 'V', 'O', 'O', 'O', 'OBJ', 'O', '.', 'O', 'OBJ', 'O', 'ACTOR', 'V', 'O', 'O', 'O', 'V', 'O', 'O', 'O', 'O', '.']
['Jaarlijks', 'worden', 'voorstellen', 'van', 'algemene', 'begrotingswetten', 'door', 'of', 'vanwege', 'de', 'Koning', 'ingediend', 'op', 'het', 'in', 'bedoelde', 'tijdstip', '.'];['O', 'V', 'V', 'O', 'O', 'OBJ', 'O', 'O', 'O', 'ACTOR', 'V', 'O', 'O', 'O', 'O', 'O', 'O', 'O', '.']
['De', 'verantwoording', 'van', 'de', 'ontvangsten', 'en', 'de', 'uitgaven', 'van', 'het', 'Rijk', 'wordt', 'aan', 'de', 'Staten', '-', 'Generaal', 'gedaan', 'overeenkomstig', 'de', 'bepalingen', 'van', 'de', 'wet', '.'];['ACTOR', 'OBJ', 'O', 'ACTOR', 'ACTOR', 'O', 'ACTOR', 'O', 'O', 'ACTOR', 'V', 'O', 'ACTOR', 'O', 'O', '-', 'O', 'V', 'O', 'O', 'O', 'O', 'O', 'O', '.']
['De', 'door', 'de', 'Algemene', 'Rekenkamer', 'goedgekeurde', 'rekening', 'wordt', 'aan', 'de', 'Staten', '-', 'Generaal', 'overgelegd', '.'];['ACTOR', 'O', 'ACTOR', 'ACTOR', 'O', 'O', 'OBJ', 'V', 'O', 'ACTOR', '-', 'O', 'V', '.']
['Een', 'straf', 'van', 'vrijheidsontneming', 'kan', 'uitsluitend', 'door', 'de', 'rechterlijke', 'macht', 'worden', 'opgelegd', '.'];['O', 'OBJ', 'O', 'ACTOR', 'V', 'O', 'O', 'ACTOR', 'ACTOR', 'V', 'V', '.']
['De', 'leden', 'van', 'de', 'rechterlijke', 'macht', 'met', 'rechtspraak', 'belast', 'en', 'de', 'procureur', '-', 'generaal', 'bij', 'de', 'Hoge', 'Raad', 'worden', 'bij', 'koninklijk', 'besluit', 'voor', 'het', 'leven', 'benoemd', '.'];['ACTOR', 'O', 'ACTOR', 'ACTOR', 'O', 'O', 'O', 'V', 'O', 'ACTOR', '-', 'O', 'O', 'O', 'O', 'O', 'O', 'O', 'V', 'O', 'O', 'O', 'O', 'O', 'V', 'O', '.']
['Op', 'eigen', 'verzoek', 'en', 'wegens', 'het', 'bereiken', 'van', 'een', 'bij', 'de', 'wet', 'te', 'bepalen', 'leeftijd', 'worden', 'zij', 'ontslagen', '.'];['O', 'O', 'O', 'O', 'O', 'O', 'O', 'O', 'O', 'O', 'O', 'O', 'O', 'O', 'V', 'O', 'O', '.']
['In', 'de', 'gevallen', 'bij', 'de', 'wet', 'bepaald', 'kunnen', 'zij', 'door', 'een', 'bij', 'de', 'wet', 'aangewezen', ',', 'tot', 'de', 'rechterlijke', 'macht', 'behorend', 'gerecht', 'worden', 'geschorst', 'of', 'ontslagen', '.'];['O', 'ACTOR', 'O', 'O', 'O', 'ACTOR', 'O', 'V', 'ACTOR', 'O', 'O', 'O', 'ACTOR', 'O', 'V', ',', 'O', 'ACTOR', 'O', 'O', 'O', 'O', 'V', 'V', 'O', '.']
['De', 'leden', 'van', 'de', 'Hoge', 'Raad', 'der', 'Nederlanden', 'worden', 'benoemd', 'uit', 'een', 'voordracht', 'van', 'drie', 'personen', ',', 'opgemaakt', 'door', 'de', 'Tweede', 'Kamer', 'der', 'Staten', '-', 'Generaal', '.'];['O', 'ACTOR', 'O', 'ACTOR', 'O', 'O', 'O', 'O', 'V', 'V', 'O', 'OBJ', 'O', 'O', 'O', 'O', 'V', 'O', 'O', 'O', 'O', 'O', 'O', 'O', 'O', 'O', 'O', 'O', 'O', 'O', 'O', '.']
['De', 'leden', 'van', 'de', 'Staten', '-', 'Generaal', ',', 'de', 'ministers', 'en', 'de', 'staatssecretarissen', 'staan', 'wegens', 'ambtsmisdrijven', 'in', 'die', 'betrekkingen', 'gepleegd', ',', 'ook', 'na', 'hun', 'aftreden', 'terecht', 'voor', 'de', 'Hoge', 'Raad', '.'];['O']
['Met', 'uitzondering', 'van', 'de', 'gevallen', 'bij', 'de', 'wet', 'bepaald', 'vinden', 'de', 'terechtzittingen', 'in', 'het', 'openbaar', 'plaats', 'en', 'houden', 'de', 'vonnissen', 'de', 'gronden', 'in', 'waarop', 'zij', 'rusten', '.'];['O', 'O', 'O', 'ACTOR', 'ACTOR', 'O', 'O', 'O', 'V', 'ACTOR', 'O', 'O', 'O', 'O', 'O', 'O', 'V', 'O', 'O', 'O', 'O', 'O', 'O', 'O', 'O', 'O', 'O', 'O', 'O', '.']
['De', 'uitspraak', 'geschiedt', 'in', 'het', 'openbaar', '.'];['ACTOR', 'OBJ', 'V', 'O', 'O', 'O', '.']
['Behoudens', 'in', 'de', 'gevallen', 'bedoeld', 'in', ',', 'kan', 'de', 'toekenning', 'van', 'bevoegdheden', ',', 'als', 'bedoeld', 'in', ',', 'aan', 'andere', 'organen', 'dan', 'die', ',', 'genoemd', 'in', ',', 'alleen', 'door', 'provinciale', 'staten', 'onderscheidenlijk', 'de', 'gemeenteraad', 'geschieden', '.'];['O', 'O', 'ACTOR', 'O', 'O', 'O', '.', 'V', 'O', 'OBJ', 'OBJ', '.', 'O', 'O', 'O', '.', 'O', 'O', 'O', 'O', 'O', 'O', 'O', 'O', 'O', 'O', 'O', 'O', 'O', 'O', 'O', 'O', 'O', 'O', 'O', 'V', '.']
['De', 'leden', 'van', 'provinciale', 'staten', 'en', 'van', 'de', 'gemeenteraad', 'worden', 'rechtstreeks', 'gekozen', 'door', 'de', 'Nederlanders', ',', 'tevens', 'ingezetenen', 'van', 'de', 'provincie', 'onderscheidenlijk', 'de', 'gemeente', ',', 'die', 'voldoen', 'aan', 'de', 'vereisten', 'die', 'gelden', 'voor', 'de', 'verkiezing', 'van', 'de', 'Tweede', 'Kamer', 'der', 'Staten', '-', 'Generaal', '.'];['ACTOR', 'ACTOR', 'O', 'ACTOR', 'ACTOR', 'O', 'ACTOR', 'O', 'O', 'V', 'O', 'O', 'O', 'ACTOR', ',', 'O', 'O', 'O', 'O', 'O', 'O', 'O', 'O', 'O', 'O', 'O', 'O', 'O', 'O', 'O', 'O', 'O', 'O', 'O', 'O', 'O', 'O', 'O', '-', 'O', '.']
['De', 'leden', 'worden', 'gekozen', 'op', 'de', 'grondslag', 'van', 'evenredige', 'vertegenwoordiging', 'binnen', 'door', 'de', 'wet', 'te', 'stellen', 'grenzen', '.'];['ACTOR', 'ACTOR', 'V', 'V', 'O', 'OBJ', 'OBJ', 'OBJ', 'OBJ', 'OBJ', 'O', 'O', 'O', 'V', 'O', 'O', 'O', '.']
['De', 'leden', 'stemmen', 'zonder', 'last', '.'];['ACTOR', 'ACTOR', 'V', 'O', 'O', '.']
['De', 'commissaris', 'van', 'de', 'Koning', 'en', 'de', 'burgemeester', 'worden', 'aangesteld', ',', 'geschorst', 'en', 'ontslagen', 'op', 'een', 'bij', 'de', 'wet', 'te', 'bepalen', 'wijze', '.', 'Krachtens', 'de', 'wet', 'kunnen', 'nadere', 'regels', 'worden', 'gesteld', 'over', 'de', 'daarbij', 'te', 'volgen', 'procedures', '.'];['ACTOR', 'ACTOR', 'O', 'ACTOR', 'ACTOR', 'V', ',', 'O', 'O', 'O', 'O', 'O', 'O', 'O', 'O', 'O', 'O', 'O', 'O', 'O', 'O', 'V', 'O', 'O', 'O', 'O', 'O', 'O', 'O', 'O', 'O', 'O', 'O', 'O', 'O', 'O', 'O', 'O', 'O', 'O', 'O', '.']
['Bij', 'de', 'wet', 'kunnen', 'in', 'het', 'Caribische', 'deel', 'van', 'Nederland', 'andere', 'territoriale', 'openbare', 'lichamen', 'dan', 'provincies', 'en', 'gemeenten', 'worden', 'ingesteld', 'en', 'opgeheven', '.'];['O', 'ACTOR', 'O', 'V', 'O', 'O', 'O', 'O', 'O', 'O', 'O', 'O', 'O', 'O', 'O', 'O', 'O', 'V', 'O', 'O', 'O', '.']
['In', 'deze', 'openbare', 'lichamen', 'worden', 'verkiezingen', 'gehouden', 'voor', 'een', 'kiescollege', 'voor', 'de', 'Eerste', 'Kamer', '.'];['O', 'O', 'O', 'O', 'V', 'O', 'V', 'O', 'O', 'O', 'O', 'ACTOR', 'O', 'O', '.']
['De', 'opheffing', 'en', 'instelling', 'van', 'waterschappen', ',', 'de', 'regeling', 'van', 'hun', 'taken', 'en', 'inrichting', ',', 'alsmede', 'de', 'samenstelling', 'van', 'hun', 'besturen', ',', 'geschieden', 'volgens', 'bij', 'de', 'wet', 'te', 'stellen', 'regels', 'bij', 'provinciale', 'verordening', ',', 'voor', 'zover', 'bij', 'of', 'krachtens', 'de', 'wet', 'niet', 'anders', 'is', 'bepaald', '.'];['ACTOR', 'O', 'O', 'V', 'O', 'O', 'O', 'ACTOR', 'V', 'O', 'O', 'O', 'O', 'O', 'O', 'O', 'O', 'O', 'O', 'O', 'O', 'O', 'O', 'O', 'O', 'O', 'O', 'O', 'O', 'O', 'O', 'O', 'O', 'O', 'O', 'O', 'O', 'O', 'O', 'V', '.']
['Bij', 'of', 'krachtens', 'de', 'wet', 'kunnen', 'openbare', 'lichamen', 'voor', 'beroep', 'en', 'bedrijf', 'en', 'andere', 'openbare', 'lichamen', 'worden', 'ingesteld', 'en', 'opgeheven', '.'];['O', 'O', 'O', 'ACTOR', 'O', 'V', 'ACTOR', 'O', 'O', 'O', 'O', 'O', 'O', 'ACTOR', 'V', 'V', 'O', 'O', 'Punctuation']
['De', 'Tweede', 'Kamer', 'kan', ',', 'al', 'dan', 'niet', 'op', 'een', 'daartoe', 'door', 'of', 'vanwege', 'de', 'Koning', 'ingediend', 'voorstel', ',', 'een', 'voorstel', 'voor', 'zodanige', 'wet', 'splitsen', '.'];['ACTOR', 'O', 'ACTOR', 'V', 'Punctuation', 'O', 'O', 'O', 'O', 'O', 'O', 'O', 'O', 'O', 'ACTOR', 'V', 'OBJ', 'Punctuation', 'OBJ', 'O', 'O', 'O', 'O', 'O', 'V', 'Punctuation']
['Na', 'de', 'bekendmaking', 'van', 'de', 'wet', ',', 'bedoeld', 'in', 'het', 'eerste', 'lid', ',', 'wordt', 'de', 'Tweede', 'Kamer', 'ontbonden', '.'];['O', 'ACTOR', 'OBJ', 'O', 'O', 'O', ',', 'O', 'O', 'O', 'O', 'O', ',', 'V', 'O', 'O', 'O', 'V', '.']
['De', 'Tweede', 'Kamer', 'kan', ',', 'al', 'dan', 'niet', 'op', 'een', 'daartoe', 'door', 'of', 'vanwege', 'de', 'Koning', 'ingediend', 'voorstel', ',', 'met', 'ten', 'minste', 'twee', 'derden', 'van', 'het', 'aantal', 'uitgebrachte', 'stemmen', 'een', 'voorstel', 'tot', 'verandering', 'splitsen', '.'];['ACTOR', 'O', 'O', 'V', ',', 'O', 'O', 'O', 'O', 'O', 'O', 'O', 'O', 'O', 'ACTOR', 'V', 'OBJ', ',', 'O', 'O', 'O', 'O', 'O', 'O', 'O', 'O', 'O', 'O', 'O', 'O', 'O', 'V', '.']
['de', 'aangenomen', 'voorstellen', 'en', 'de', 'ongewijzigd', 'gebleven', 'bepalingen', 'van', 'de', 'Grondwet', 'voor', 'zoveel', 'nodig', 'aan', 'elkaar', 'worden', 'aangepast'];['ACTOR', 'O', 'V', 'O', 'ACTOR', 'O', 'V', 'OBJ', 'O', 'ACTOR', 'O', 'O', 'O', 'O', 'O', 'V', 'V']
['de', 'indeling', 'in', 'en', 'de', 'plaats', 'van', 'hoofdstukken', ',', 'paragrafen', 'en', 'artikelen', ',', 'alsmede', 'de', 'opschriften', 'worden', 'gewijzigd', '.'];['ACTOR', 'O', 'O', 'O', 'ACTOR', 'O', 'O', 'O', 'O', 'O', 'O', 'O', 'O', 'ACTOR', 'O', 'V', 'V']
['Een', 'voorstel', 'van', 'wet', ',', 'houdende', 'voorzieningen', 'als', 'bedoeld', 'in', 'het', 'eerste', 'lid', 'onder', 'a', ',', 'kunnen', 'de', 'kamers', 'alleen', 'aannemen', 'met', 'ten', 'minste', 'twee', 'derden', 'van', 'het', 'aantal', 'uitgebrachte', 'stemmen', '.'];['O', 'OBJ', 'OBJ', 'O', 'O', 'O', 'O', 'O', 'O', 'O', 'O', 'O', 'O', 'O', 'O', 'O', 'V', 'REC', 'O', 'O', 'V', 'O', 'O', 'O', 'O', 'O', 'O', 'O', 'O', 'O', 'O', 'O', 'O', 'O', 'O', '.']
['De', 'tekst', 'van', 'de', 'herziene', 'Grondwet', 'wordt', 'bij', 'koninklijk', 'besluit', 'bekendgemaakt', ',', 'waarbij', 'hoofdstukken', ',', 'paragrafen', 'en', 'artikelen', 'kunnen', 'worden', 'vernummerd', 'en', 'verwijzingen', 'dienovereenkomstig', 'kunnen', 'worden', 'veranderd', '.'];['ACTOR', 'O', 'O', 'ACTOR', 'O', 'V', 'REC', 'O', 'OBJ', 'V', '.', 'O', 'O', '.', 'O', 'O', 'O', 'V', 'O', 'O', 'O', 'O', 'O', 'O', 'O', 'O', 'V', '.']
['In', 'deze', 'wet', 'en', 'de', 'daarop', 'berustende', 'bepalingen', 'wordt', 'verstaan', 'onder', ':'];['O', 'ACTOR', 'ACTOR', 'O', 'ACTOR', 'O', 'O', 'O', 'V', 'V', 'O', ':']
['alle', 'stukken', 'die', 'door', 'de', 'aanbestedende', 'dienst', 'of', 'het', 'speciale', '-', 'sectorbedrijf', 'worden', 'opgesteld', 'of', 'vermeld', 'ter', 'omschrijving', 'of', 'bepaling', 'van', 'onderdelen', 'van', 'de', 'aanbesteding', 'of', 'de', 'procedure'];['O', 'O', 'O', 'O', 'ACTOR', 'ACTOR', 'O', 'O', 'O', 'O', '-', 'REC', 'V', 'V', 'O', 'O', 'O', 'O', 'O', 'OBJ', 'O', 'OBJ', 'O', 'O', 'O', 'O', 'O']
['een', 'aanbestedende', 'dienst', 'die', 'of', 'speciale', '-', 'sectorbedrijf', 'dat', 'een', 'gecentraliseerde', 'aankoopactiviteit', 'en', 'eventueel', 'een', 'aanvullende', 'aankoopactiviteit', 'verricht'];['O', 'O', 'ACTOR', 'O', 'O', '-', 'O', 'O', 'ACTOR', 'O', 'OBJ', 'O', 'O', 'O', 'O', 'OBJ', 'V']
['een', 'ieder', 'die', 'de', 'uitvoering', 'van', 'werken', 'op', 'de', 'markt', 'aanbiedt'];['O', 'O', 'ACTOR', 'ACTOR', 'OBJ', 'O', 'O', 'O', 'O', 'O', 'V']
['een', 'activiteit', 'die', 'bestaat', 'uit', 'het', 'verlenen', 'van', 'ondersteuning', 'aan', 'een', 'aankoopactiviteit', ',', 'in', 'het', 'bijzonder', 'op', 'de', 'volgende', 'wijzen', ':', 'aanvullende', 'aankoopactiviteit', ':'];['O']
['door', 'het', 'beschikbaar', 'stellen', 'van', 'technische', 'infrastructuur', 'die', 'aanbestedende', 'diensten', 'of', 'speciale', '-', 'sectorbedrijven', 'in', 'staat', 'stelt', 'overheidsopdrachten', 'respectievelijk', 'speciale', '-', 'sectoropdrachten', 'te', 'plaatsen'];['O', 'ACTOR', 'O', 'V', 'O', 'O', 'OBJ', 'O', 'O', 'O', 'O', 'O', '-', 'REC', 'O', 'O', 'V', 'OBJ', 'O', 'O', 'O', 'O', 'O', 'O', 'O']
['de', 'Autoriteit', 'Consument', 'en', 'Markt', ',', 'genoemd', 'in'];['ACTOR', 'ACTOR', 'O', 'O', 'O', ',', 'V', 'O']
['een', 'recht', 'dat', 'bij', 'wettelijk', 'voorschrift', 'of', 'bij', 'besluit', 'van', 'een', 'bestuursorgaan', 'aan', 'een', 'beperkt', 'aantal', 'ondernemingen', 'wordt', 'verleend', 'en', 'waarbij', 'binnen', 'een', 'bepaald', 'geografisch', 'gebied', ':', 'bijzonder', 'recht', ':'];['O', 'OBJ', 'O', 'O', 'O', 'OBJ', 'O', 'O', 'O', 'O', 'ACTOR', 'O', 'O', 'O', 'O', 'OBJ', 'V', 'V', 'O', 'O', 'O', 'O', 'O', 'O', 'O', 'O', 'O', 'O', 'O', ':', 'O', ':']
['het', 'aantal', 'van', 'deze', 'ondernemingen', 'die', 'een', 'dienst', 'mogen', 'verrichten', 'of', 'een', 'activiteit', 'mogen', 'uitoefenen', 'op', 'een', 'andere', 'wijze', 'dan', 'volgens', 'objectieve', ',', 'evenredige', 'en', 'niet', '-', 'discriminerende', 'criteria', 'tot', 'twee', 'of', 'meer', 'wordt', 'beperkt', ','];['O', 'O', 'OBJ', 'OBJ', 'OBJ', 'V', 'REC', 'O', 'V', 'O', 'O', 'V', 'O', 'O', 'V', 'O', 'O', 'O', 'O', 'O', 'OBJ', ',', 'O', 'O', 'O', '-', 'O', 'O', 'O', 'O', 'O', 'V', 'V', '.']
['verscheidene', 'concurrerende', 'ondernemingen', 'die', 'een', 'dienst', 'mogen', 'verrichten', 'of', 'een', 'activiteit', 'mogen', 'uitoefenen', 'op', 'een', 'andere', 'wijze', 'dan', 'volgens', 'deze', 'criteria', 'worden', 'aangewezen', ',', 'of'];['O', 'O', 'ACTOR', 'O', 'O', 'O', 'V', 'V', 'O', 'O', 'O', 'V', 'O', 'O', 'O', 'O', 'O', 'O', 'O', 'OBJ', 'V', 'V', 'O', ',', 'O']
;['O']
['een', 'ondernemer', 'aan', 'wie', 'een', 'concessieopdracht', 'is', 'gegund'];['REC', 'REC', 'O', 'O', 'ACTOR', 'ACTOR', 'V', 'V']
['een', 'schriftelijke', 'overeenkomst', 'onder', 'bezwarende', 'titel', 'die', 'is', 'gesloten', 'tussen', 'een', 'of', 'meer', 'dienstverleners', 'en', 'een', 'of', 'meer', 'aanbestedende', 'diensten', 'of', 'speciale', '-', 'sectorbedrijven', 'en', 'die', 'betrekking', 'heeft', 'op', 'het', 'verlenen', 'van', 'andere', 'diensten', 'dan', 'die', 'welke', 'vallen', 'onder', 'overheidsopdracht', 'voor', 'werken', ',', 'en', 'waarvoor', 'de', 'tegenprestatie', 'bestaat', 'uit', 'hetzij', 'uitsluitend', 'het', 'recht', 'de', 'dienst', 'die', 'het', 'voorwerp', 'van', 'de', 'overeenkomst', 'vormt', ',', 'te', 'exploiteren', ',', 'hetzij', 'uit', 'dit', 'recht', 'en', 'een', 'betaling'];['O']
['een', 'schriftelijke', 'overeenkomst', 'onder', 'bezwarende', 'titel', 'die', 'is', 'gesloten', 'tussen', 'een', 'of', 'meer', 'aannemers', 'en', 'een', 'of', 'meer', 'aanbestedende', 'diensten', 'of', 'speciale', '-', 'sectorbedrijven', 'en', 'die', 'betrekking', 'heeft', 'op', ':', 'concessieopdracht', 'voor', 'werken', ':'];['O', 'OBJ', 'OBJ', 'O', 'O', 'O', 'O', 'V', 'V', 'O', 'ACTOR', 'O', 'ACTOR', 'O', 'ACTOR', 'O', 'O', 'O', 'O', 'O', 'O', '-', 'OBJ', 'O', 'O', 'O', 'O', 'O', 'V', 'V', ':']
['waarvoor', 'de', 'tegenprestatie', 'bestaat', 'uit', 'hetzij', 'uitsluitend', 'het', 'recht', 'het', 'werk', 'dat', 'het', 'voorwerp', 'van', 'de', 'opdracht', 'vormt', ',', 'te', 'exploiteren', ',', 'hetzij', 'uit', 'dit', 'recht', 'en', 'een', 'betaling'];['O', 'ACTOR', 'O', 'V', 'O', 'O', 'O', 'OBJ', 'OBJ', 'OBJ', 'O', 'O', 'OBJ', 'O', 'O', 'O', 'V', '.', 'O', 'V', '.', 'O', 'O', 'O', 'O', 'O', 'REC', 'O']
['een', 'werk', 'dan', 'wel', 'het', 'verwezenlijken', ',', 'met', 'welke', 'middelen', 'dan', 'ook', ',', 'van', 'een', 'werk', 'dat', 'voldoet', 'aan', 'de', 'eisen', 'van', 'de', 'aanbestedende', 'dienst', 'of', 'het', 'speciale', '-', 'sectorbedrijf', 'die', 'een', 'beslissende', 'invloed', 'uitoefenen', 'op', 'het', 'soort', 'werk', 'of', 'op', 'het', 'ontwerp', 'van', 'het', 'werk', ','];['O']
['een', 'instantie', 'die', 'conformiteitsbeoordelingsactiviteiten', 'verricht', 'en', 'die', 'geaccrediteerd', 'is', 'overeenkomstig', 'verordening', '(', 'EG', ')', 'nr', '.', '765', '/', '2008', 'van', 'het', 'Europees', 'Parlement', 'en', 'de', 'Raad', 'van', '9', 'juli', '2008', 'tot', 'vaststelling', 'van', 'de', 'eisen', 'inzake', 'accreditatie', 'en', 'markttoezicht', 'betreffende', 'het', 'verhandelen', 'van', 'producten', 'en', 'tot', 'intrekking', 'van', 'verordening', '(', 'EEG', ')', 'nr', '.', '339', '/', '93', '(', 'PbEU', '2008', ',', 'L', '218', ')'];['O']
['de', 'gemeenschappelijke', 'woordenlijst', 'overheidsopdrachten', ',', 'vastgesteld', 'bij', 'verordening', '(', 'EG', ')', 'nr', '.', '2195', '/', '2002', 'van', 'het', 'Europees', 'Parlement', 'en', 'de', 'Raad', 'van', '5', 'november', '2002', 'betreffende', 'de', 'gemeenschappelijke', 'woordenlijst', 'overheidsopdrachten', '(', 'CPV', ')', '(', 'PbEG', '2002', ',', 'L', '340', ')'];['O', 'ACTOR', 'ACTOR', 'OBJ', 'O', 'O', 'OBJ', 'V']
['een', 'ieder', 'die', 'diensten', 'op', 'de', 'markt', 'aanbiedt'];['O']
['een', 'elektronisch', 'proces', 'voor', 'het', 'doen', 'van', 'gangbare', 'aankopen', 'van', 'werken', ',', 'leveringen', 'of', 'diensten', ',', 'waarvan', 'de', 'kenmerken', 'wegens', 'de', 'algemene', 'beschikbaarheid', 'op', 'de', 'markt', 'voldoen', 'aan', 'de', 'behoeften', 'van', 'de', 'aanbestedende', 'dienst', 'of', 'het', 'speciale', '-', 'sectorbedrijf', ',', 'dat', 'is', 'beperkt', 'in', 'de', 'tijd', 'en', 'gedurende', 'de', 'gehele', 'looptijd', 'openstaat', 'voor', 'ondernemers', 'die', 'aan', 'de', 'eisen', 'voor', 'toelating', 'tot', 'het', 'systeem', 'voldoen'];['O']
['een', 'middel', 'waarbij', 'gebruik', 'wordt', 'gemaakt', 'van', 'elektronische', 'apparatuur', 'voor', 'gegevensverwerking', '(', 'met', 'inbegrip', 'van', 'digitale', 'compressie', ')', 'en', 'gegevensopslag', ',', 'alsmede', 'van', 'verspreiding', ',', 'overbrenging', 'en', 'ontvangst', 'door', 'middel', 'van', 'draden', ',', 'straalverbindingen', ',', 'optische', 'middelen', 'of', 'andere', 'elektromagnetische', 'middelen'];['O']
['het', 'elektronische', 'systeem', 'voor', 'aanbestedingen', ',', 'bedoeld', 'in'];['O', 'ACTOR', 'O', 'V', 'V', 'OBJ', 'O', 'O', 'O', 'O', 'O', '(', 'O', 'O', 'O', 'O', 'O', ')', 'O', 'O', 'O', 'O', 'O', 'O', 'O', 'O', 'O', 'O', 'O', 'O', 'O', 'O', 'O', 'O', 'O', 'O', 'O', 'O', 'O', 'O']
['factuur', 'die', 'is', 'opgesteld', ',', 'verzonden', 'en', 'ontvangen', 'in', 'een', 'gestructureerde', 'elektronische', 'vorm', 'die', 'automatische', 'en', 'elektronische', 'verwerking', 'ervan', 'mogelijk', 'maakt'];['ACTOR', 'O', 'ACTOR', 'O', 'O', ',', 'O', 'O']
['een', 'zich', 'herhalend', 'elektronisch', 'proces', 'voor', 'de', 'presentatie', 'van', 'nieuwe', ',', 'verlaagde', 'prijzen', 'of', 'van', 'nieuwe', 'waarden', 'voor', 'bepaalde', 'elementen', 'van', 'de', 'inschrijvingen', ',', 'dat', 'plaatsvindt', 'na', 'de', 'eerste', 'volledige', 'beoordeling', 'van', 'de', 'inschrijvingen', 'en', 'dat', 'klassering', 'op', 'basis', 'van', 'automatische', 'beoordelingsmethoden', 'mogelijk', 'maakt'];['O']
['een', 'activiteit', 'die', 'permanent', 'plaatsvindt', 'op', 'een', 'van', 'de', 'volgende', 'wijzen', ':', 'gecentraliseerde', 'aankoopactiviteit', ':'];['O', 'ACTOR', 'O', 'V', 'O', 'O', 'O', 'OBJ', 'ACTOR', 'O', 'O', 'O', 'O', 'O', 'O', ':', 'O', 'O', 'O', 'O', 'O', ':']
['de', 'verwerving', 'van', 'leveringen', 'of', 'diensten', 'die', 'bestemd', 'zijn', 'voor', 'aanbestedende', 'diensten', 'of', 'speciale', '-', 'sectorbedrijven'];['ACTOR', 'V', 'O', 'O', 'O', 'OBJ', 'O', 'O', 'V', 'O', 'O', 'O', 'O', 'O', '-', 'REC']
['het', 'plaatsen', 'van', 'overheidsopdrachten', 'respectievelijk', 'speciale', '-', 'sectoropdrachten', 'die', 'bestemd', 'zijn', 'voor', 'aanbestedende', 'diensten', 'of', 'speciale', '-', 'sectorbedrijven'];['O', 'V', 'O', 'O', 'O', 'O', '-', 'O', 'O', 'O', 'O', 'O', 'O', 'O', 'O', '-', 'REC']
['een', 'ondernemer', 'die', 'heeft', 'verzocht', 'om', 'een', 'uitnodiging', ',', 'of', 'is', 'uitgenodigd', ',', 'om', 'deel', 'te', 'nemen', 'aan', 'een', 'niet', '-', 'openbare', 'procedure', ',', 'een', 'procedure', 'van', 'de', 'concurrentiegerichte', 'dialoog', ',', 'een', 'mededingingsprocedure', 'met', 'onderhandeling', ',', 'een', 'procedure', 'van', 'het', 'innovatiepartnerschap', ',', 'een', 'onderhandelingsprocedure', 'met', 'aankondiging', ',', 'een', 'onderhandelingsprocedure', 'zonder', 'aankondiging', 'of', 'een', 'procedure', 'voor', 'de', 'gunning', 'van', 'een', 'concessieopdracht'];['O']
['de', 'keuze', 'van', 'de', 'aanbestedende', 'dienst', 'of', 'het', 'speciale', 'sectorbedrijf', 'voor', 'de', 'ondernemer', 'met', 'wie', 'hij', 'voornemens', 'is', 'de', 'overeenkomst', 'waarop', 'de', 'procedure', 'betrekking', 'had', 'te', 'sluiten', ',', 'waaronder', 'mede', 'wordt', 'verstaan', 'de', 'keuze', 'om', 'geen', 'overeenkomst', 'te', 'sluiten'];['O']